[{
		"model": "wyd.role",
		"pk": 1,
		"fields": {
			"name": "Guitar"
		}
	}, {
		"model": "wyd.role",
		"pk": 2,
		"fields": {
			"name": "Lead vocals"
		}
	}, {
		"model": "wyd.role",
		"pk": 3,
		"fields": {
			"name": "Drums"
		}
	}, {
		"model": "wyd.role",
		"pk": 4,
		"fields": {
			"name": "Bass"
		}
	}, {
		"model": "wyd.role",
		"pk": 5,
		"fields": {
			"name": "Backing vocals"
		}
	}, {
		"model": "wyd.geartype",
		"pk": 1,
		"fields": {
			"name": "Effect"
		}
	}, {
		"model": "wyd.geartype",
		"pk": 2,
		"fields": {
			"name": "Guitar amplifier"
		}
	}, {
		"model": "wyd.geartype",
		"pk": 3,
		"fields": {
			"name": "Guitar"
		}
	}, {
		"model": "wyd.geartype",
		"pk": 4,
		"fields": {
			"name": "Microphone"
		}
	}, {
		"model": "wyd.geartype",
		"pk": 5,
		"fields": {
			"name": "Looper/Switcher"
		}
	}, {
		"model": "wyd.geartype",
		"pk": 6,
		"fields": {
			"name": "Power supply"
		}
	}, {
		"model": "wyd.geartype",
		"pk": 7,
		"fields": {
			"name": "Tuner"
		}
	}, {
		"model": "wyd.geartype",
		"pk": 8,
		"fields": {
			"name": "Noise gate"
		}
	}, {
		"model": "wyd.geartype",
		"pk": 9,
		"fields": {
			"name": "Bass"
		}
	}, {
		"model": "wyd.member",
		"pk": 1,
		"fields": {
			"firstname": "Maxime",
			"lastname": "Delrieu",
			"pseudo": "Max",
			"birth_date": "1978-10-05",
			"avatar": "L_A069.tmp_zAeGiVU.PNG",
			"member_from": "2012-01-01",
			"member_until": null,
			"roles": [1, 2]
		}
	}, {
		"model": "wyd.member",
		"pk": 2,
		"fields": {
			"firstname": "David",
			"lastname": "Billard",
			"pseudo": "David",
			"birth_date": "1979-05-10",
			"avatar": "billard.jpg",
			"member_from": "2012-01-01",
			"member_until": null,
			"roles": [3]
		}
	}, {
		"model": "wyd.member",
		"pk": 3,
		"fields": {
			"firstname": "Benjamin",
			"lastname": "Vincent",
			"pseudo": "Benji",
			"birth_date": "1989-12-05",
			"avatar": "Benji.jpg",
			"member_from": "2012-01-01",
			"member_until": null,
			"roles": [4, 5]
		}
	}, {
		"model": "wyd.member",
		"pk": 4,
		"fields": {
			"firstname": "Pierre-Yves",
			"lastname": "Kugler",
			"pseudo": "Pyk",
			"birth_date": "1995-04-18",
			"avatar": "Pyk.jpg",
			"member_from": "2015-01-01",
			"member_until": null,
			"roles": [1, 5]
		}
	}, {
		"model": "wyd.gear",
		"pk": 1,
		"fields": {
			"type": 1,
			"member": 1,
			"name": "Dunlop Cry Baby"
		}
	}, {
		"model": "wyd.gear",
		"pk": 2,
		"fields": {
			"type": 1,
			"member": 1,
			"name": "EHX East River Drive"
		}
	}, {
		"model": "wyd.gear",
		"pk": 3,
		"fields": {
			"type": 1,
			"member": 1,
			"name": "EHX Hot Tubes Nano"
		}
	}, {
		"model": "wyd.gear",
		"pk": 4,
		"fields": {
			"type": 1,
			"member": 1,
			"name": "EHX Neo Clone"
		}
	}, {
		"model": "wyd.gear",
		"pk": 5,
		"fields": {
			"type": 1,
			"member": 1,
			"name": "EHX Neo Mistress"
		}
	}, {
		"model": "wyd.gear",
		"pk": 6,
		"fields": {
			"type": 1,
			"member": 1,
			"name": "MXR Phaser Phase 90"
		}
	}, {
		"model": "wyd.gear",
		"pk": 7,
		"fields": {
			"type": 1,
			"member": 1,
			"name": "G-Lab Smooth Delay SD-1"
		}
	}, {
		"model": "wyd.gear",
		"pk": 8,
		"fields": {
			"type": 1,
			"member": 1,
			"name": "Morley Alligator Volume"
		}
	}, {
		"model": "wyd.gear",
		"pk": 9,
		"fields": {
			"type": 1,
			"member": 1,
			"name": "Visual Sound Garagetone Tremolo"
		}
	}, {
		"model": "wyd.gear",
		"pk": 10,
		"fields": {
			"type": 1,
			"member": 1,
			"name": "MXR 10-Band Graphic EQ M108"
		}
	}, {
		"model": "wyd.gear",
		"pk": 11,
		"fields": {
			"type": 2,
			"member": 1,
			"name": "Peavey XXX II w/ Marshall 1960AV Cabinet"
		}
	}, {
		"model": "wyd.gear",
		"pk": 12,
		"fields": {
			"type": 2,
			"member": 1,
			"name": "Marshall JCM 2000 DSL 401"
		}
	}, {
		"model": "wyd.gear",
		"pk": 13,
		"fields": {
			"type": 3,
			"member": 1,
			"name": "Jackson RR"
		}
	}, {
		"model": "wyd.gear",
		"pk": 14,
		"fields": {
			"type": 3,
			"member": 1,
			"name": "Jackson Kelly"
		}
	}, {
		"model": "wyd.gear",
		"pk": 15,
		"fields": {
			"type": 3,
			"member": 1,
			"name": "Chapman Ghostfret"
		}
	}, {
		"model": "wyd.gear",
		"pk": 16,
		"fields": {
			"type": 4,
			"member": 1,
			"name": "Shure 55 w/ custom bent stand"
		}
	}, {
		"model": "wyd.gear",
		"pk": 17,
		"fields": {
			"type": 5,
			"member": 1,
			"name": "G-Lab GSC-3"
		}
	}, {
		"model": "wyd.gear",
		"pk": 18,
		"fields": {
			"type": 5,
			"member": 1,
			"name": "G-Lab MIDI 2x Loop M2L (x2)"
		}
	}, {
		"model": "wyd.gear",
		"pk": 19,
		"fields": {
			"type": 6,
			"member": 1,
			"name": "Flatliner SIX"
		}
	}, {
		"model": "wyd.gear",
		"pk": 20,
		"fields": {
			"type": 6,
			"member": 1,
			"name": "G-Lab 8 Separated 9V Power Box PB-1"
		}
	}, {
		"model": "wyd.gear",
		"pk": 21,
		"fields": {
			"type": 7,
			"member": 1,
			"name": "Planet Waves PW-CT-11 Tru-Strobe Tuner"
		}
	}, {
		"model": "wyd.gear",
		"pk": 22,
		"fields": {
			"type": 8,
			"member": 1,
			"name": "ISP Noise Gate Decimator G String"
		}
	}, {
		"model": "wyd.gear",
		"pk": 23,
		"fields": {
			"type": 9,
			"member": 3,
			"name": "Schecter Hellaiser Extreme 5"
		}
	}, {
		"model": "wyd.gear",
		"pk": 24,
		"fields": {
			"type": 9,
			"member": 3,
			"name": "LTD B-1005"
		}
	}, {
		"model": "wyd.gear",
		"pk": 25,
		"fields": {
			"type": 1,
			"member": 3,
			"name": "Dunlop Bass Q Crybaby Wha"
		}
	}, {
		"model": "wyd.gear",
		"pk": 26,
		"fields": {
			"type": 1,
			"member": 3,
			"name": "Bass Overdrive Boss ODB-3"
		}
	}, {
		"model": "wyd.gear",
		"pk": 27,
		"fields": {
			"type": 1,
			"member": 3,
			"name": "T-Rex Tonebug Chorus/Flanger"
		}
	}, {
		"model": "wyd.gear",
		"pk": 28,
		"fields": {
			"type": 7,
			"member": 3,
			"name": "Planet Waves PW-CT-11 Tru-Strobe Tuner"
		}
	}, {
		"model": "wyd.gear",
		"pk": 29,
		"fields": {
			"type": 1,
			"member": 3,
			"name": "Zvex Fuzz"
		}
	}, {
		"model": "wyd.gear",
		"pk": 30,
		"fields": {
			"type": 3,
			"member": 4,
			"name": "ESP LTD M-400"
		}
	}, {
		"model": "wyd.gear",
		"pk": 31,
		"fields": {
			"type": 3,
			"member": 4,
			"name": "Jackson Warrior"
		}
	}, {
		"model": "wyd.gear",
		"pk": 32,
		"fields": {
			"type": 3,
			"member": 4,
			"name": "Gibson Les Paul"
		}
	}, {
		"model": "wyd.gear",
		"pk": 33,
		"fields": {
			"type": 1,
			"member": 4,
			"name": "Visual Sound Double Trouble"
		}
	}, {
		"model": "wyd.gear",
		"pk": 34,
		"fields": {
			"type": 7,
			"member": 4,
			"name": "Boss TU-3"
		}
	}, {
		"model": "wyd.song",
		"pk": 1,
		"fields": {
			"title": "Build My Hate",
			"duration": "00:03:07",
			"lyrics": "Your mouth is full of lies\r\nPretending to teach us\r\nWhat's good or bad for us\r\nThinking of you\r\n\r\nServing your interest\r\nPlayin' the super hero\r\nWith ease because you're not\r\nIn the front\r\n\r\n[Chorus]\r\nThose people are dangerous\r\nYou lie to all of us\r\nThey will kill everyone\r\nYou just believe yourself\r\nThe threatening is from out there\r\nI won't allow you to\r\nBuild my hate you know\r\n\r\nInvoking will of god\r\nYou try to blind us all\r\nTo be sure you'll be heard\r\nHolier is better\r\n\r\nYou think that speaking loud\r\nAssure you attention\r\nBut don't you see we're replete\r\nWith the shit you feed\r\n\r\n[Chorus]\r\n\r\nI won't let you build my\r\nHAAAAATE\r\nBuild my hate you know\r\nBuil-my-hate-you-know",
			"authors": [1],
			"compositors": [1]
		}
	}, {
		"model": "wyd.song",
		"pk": 2,
		"fields": {
			"title": "Hester Mofet",
			"duration": "00:07:08",
			"lyrics": "Hester Mofet\u2019s been broken\r\nShe was living with no problem\r\n\u2018N then she met a hurricane\r\nBut nobody have seen her again\r\n\r\nHester Mofet has been ruined\r\nToughly hurt by any mean\r\nPersecuted in deep sorrow\r\nAll she has left is her shadow\r\n\r\n[Chorus]\r\nHester Mofet is still alive\r\nAnd if one day she would have died\r\nHer body starts to come undone\r\nThen resurrecting from the dark\r\nHester Mofet is gonna burn\r\nAnd even swallowed by the flames\r\nTot\u2019ly reduced to smoky ash\r\nShe seems to be a fire-bird\r\nTurning to life again\r\nHester Mofet has been raped\r\nHer mind has been hard twisted\r\nShe was trampled so much times\r\nSo she was buried in the ground\r\n\r\nHester Mofet\u2019s compromised\r\nShe\u2019s been taken by surprise\r\nHer back has just felt the knife\r\nAnd then she fell within the night\r\n\r\n[Chorus]\r\n\r\nHester Mofet has been mistreated\r\nSo much of us witnessed it\r\nBut just a few has helped her stand\r\nSo blind we are from some misdeed\r\n\r\nHester Mofet !!!\r\n\r\nNO! NO! NO NO NO NO!",
			"authors": [1],
			"compositors": [1]
		}
	}
]